{
    "$schema": "https://schema.management.azure.com/schemas/2019-04-01/deploymentTemplate.json#",
    "contentVersion": "1.0.0.0",
    "parameters": {
        "workflows_ExtractAttachmentLogicApp_name": {
            "defaultValue": "ExtractAttachmentLogicApp",
            "type": "String"
        },
        "connections_azureblob_externalid": {
            "defaultValue": "/subscriptions/58391f7e-1ef2-4752-a1b6-de576da26802/resourceGroups/DemoLogicAppProj/providers/Microsoft.Web/connections/azureblob",
            "type": "String"
        },
        "connections_outlook_externalid": {
            "defaultValue": "/subscriptions/58391f7e-1ef2-4752-a1b6-de576da26802/resourceGroups/DemoLogicAppProj/providers/Microsoft.Web/connections/outlook",
            "type": "String"
        }
    },
    "variables": {},
    "resources": [
        {
            "type": "Microsoft.Logic/workflows",
            "apiVersion": "2017-07-01",
            "name": "[parameters('workflows_ExtractAttachmentLogicApp_name')]",
            "location": "centralindia",
            "properties": {
                "state": "Enabled",
                "definition": {
                    "$schema": "https://schema.management.azure.com/providers/Microsoft.Logic/schemas/2016-06-01/workflowdefinition.json#",
                    "contentVersion": "1.0.0.0",
                    "parameters": {
                        "$connections": {
                            "defaultValue": {},
                            "type": "Object"
                        }
                    },
                    "triggers": {
                        "When_a_new_email_arrives_(V2)": {
                            "splitOn": "@triggerBody()?['value']",
                            "type": "ApiConnectionNotification",
                            "inputs": {
                                "fetch": {
                                    "method": "get",
                                    "pathTemplate": {
                                        "template": "/v2/Mail/OnNewEmail"
                                    },
                                    "queries": {
                                        "fetchOnlyWithAttachment": true,
                                        "folderPath": "Inbox",
                                        "from": "vermaamangkp95@gmail.com",
                                        "importance": "Any",
                                        "includeAttachments": true
                                    }
                                },
                                "host": {
                                    "connection": {
                                        "name": "@parameters('$connections')['outlook']['connectionId']"
                                    }
                                },
                                "subscribe": {
                                    "body": {
                                        "NotificationUrl": "@{listCallbackUrl()}"
                                    },
                                    "method": "post",
                                    "pathTemplate": {
                                        "template": "/MailSubscriptionPoke/$subscriptions"
                                    },
                                    "queries": {
                                        "fetchOnlyWithAttachment": true,
                                        "folderPath": "Inbox",
                                        "importance": "Any"
                                    }
                                }
                            }
                        }
                    },
                    "actions": {
                        "For_each": {
                            "foreach": "@triggerBody()?['Attachments']",
                            "actions": {
                                "Create_blob_(V2)": {
                                    "runAfter": {
                                        "Get_attachment": [
                                            "Succeeded"
                                        ]
                                    },
                                    "type": "ApiConnection",
                                    "inputs": {
                                        "body": "@base64ToBinary(items('For_each')?['ContentBytes'])",
                                        "headers": {
                                            "ReadFileMetadataFromServer": true
                                        },
                                        "host": {
                                            "connection": {
                                                "name": "@parameters('$connections')['azureblob']['connectionId']"
                                            }
                                        },
                                        "method": "post",
                                        "path": "/v2/datasets/@{encodeURIComponent(encodeURIComponent('AccountNameFromSettings'))}/files",
                                        "queries": {
                                            "folderPath": "/attachmentcontainer",
                                            "name": "@items('For_each')?['Name']",
                                            "queryParametersSingleEncoded": true
                                        }
                                    },
                                    "runtimeConfiguration": {
                                        "contentTransfer": {
                                            "transferMode": "Chunked"
                                        }
                                    }
                                },
                                "Get_attachment": {
                                    "runAfter": {},
                                    "type": "ApiConnection",
                                    "inputs": {
                                        "host": {
                                            "connection": {
                                                "name": "@parameters('$connections')['outlook']['connectionId']"
                                            }
                                        },
                                        "method": "get",
                                        "path": "/Mail/@{encodeURIComponent(triggerBody()?['Id'])}/Attachments/@{encodeURIComponent(items('For_each')?['Id'])}"
                                    }
                                }
                            },
                            "runAfter": {},
                            "type": "Foreach"
                        }
                    },
                    "outputs": {}
                },
                "parameters": {
                    "$connections": {
                        "value": {
                            "azureblob": {
                                "connectionId": "[parameters('connections_azureblob_externalid')]",
                                "connectionName": "azureblob",
                                "id": "/subscriptions/58391f7e-1ef2-4752-a1b6-de576da26802/providers/Microsoft.Web/locations/centralindia/managedApis/azureblob"
                            },
                            "outlook": {
                                "connectionId": "[parameters('connections_outlook_externalid')]",
                                "connectionName": "outlook",
                                "id": "/subscriptions/58391f7e-1ef2-4752-a1b6-de576da26802/providers/Microsoft.Web/locations/centralindia/managedApis/outlook"
                            }
                        }
                    }
                }
            }
        }
    ]
}